original,positive,negative,positive_cos_sim,negative_cos_sim,original_label,positive_label,negative_label,original_sentiment_label,original_sentiment_score,positive_sentiment_label,positive_sentiment_score,negative_sentiment_label,negative_sentiment_score
I usually wake up early in the morning.,I enjoy the freshness of early mornings.,Waking up early often feels too abrupt.,0.6155469418,0.7685858011,NEU,POS,NEG,NEU,0.9457230567932129,POS,0.9922099113464355,NEG,0.8747329711914062
I regularly take a walk in the evening.,My evening walks are refreshing and peaceful.,Evening walks can be tiring after a long day.,0.7597224712,0.8102489114,NEU,POS,NEG,NEU,0.7774733901023865,POS,0.986160397529602,NEG,0.8967115879058838
The weather is unpredictable today.,The weather today holds exciting surprises.,Today's weather is frustratingly inconsistent.,0.7699339986,0.762804389,NEU,POS,NEG,NEU,0.9398647546768188,POS,0.9911078214645386,NEG,0.9822878837585449
The restaurant offers food.,The cuisine at this restaurant is delightfully satisfying.,The food at this restaurant is barely passable.,0.6931496263,0.57522434,NEU,POS,NEG,NEU,0.651772677898407,POS,0.9927212595939636,NEG,0.9739608764648438
This movie features a standard plot.,This movie boasts a captivating and thought-provoking plot.,The plot of this movie is confusing and poorly developed.,0.5941924453,0.5814115405,NEU,POS,NEG,NEU,0.9286572933197021,POS,0.987899899482727,NEG,0.9778759479522705
Our team has bearable performance base.,Our team is well-positioned for a triumphant victory.,Our team's chances of winning are quite doubtful.,0.6694227457,0.7459645867,NEU,POS,NEG,POS,0.9788675308227539,POS,0.9908083081245422,NEG,0.9241005778312683
The new software update includes requiered features.,The latest software update is packed with innovative and useful features.,The new software update is cluttered with unnecessary features.,0.865676403,0.6091381311,NEU,POS,NEG,NEU,0.8602296710014343,POS,0.9854802489280701,NEG,0.9745709896087646
He completes tasks on time.,He consistently accomplishes tasks with commendable punctuality.,He barely manages to complete tasks by the deadline.,0.8632625937,0.5200991631,NEU,POS,NEG,NEU,0.8519037961959839,POS,0.9847309589385986,NEG,0.9563331007957458
The hotel room was immaculately maintained and spotless.,The hotel room was decent.,The hotel room was just barely up to standard in terms of cleanliness.,0.6191956997,0.5119878054,NEU,POS,NEG,NEU,0.5615150332450867,POS,0.9695355892181396,NEG,0.8552250862121582
The book is offered to readers with no review.,The book is quite intriguing and holds your attention.,The book struggles to maintain interest and is somewhat dull.,0.766967237,0.5745529532,NEU,POS,NEG,NEU,0.9085977673530579,POS,0.9778498411178589,NEG,0.9551291465759277
Their customer service is mediocre.,Their customer service is exceptionally helpful and responsive.,Their customer service is barely tolerable and often unhelpful.,0.8917531371,0.6512323618,NEU,POS,NEG,NEU,0.4563254415988922,POS,0.9916883111000061,NEG,0.9826143383979797
She has a common knowledge on the topic.,She displays a deep and impressive understanding of the topic.,Her grasp on the topic is superficial and limited.,0.8200342059,0.4945080578,NEU,POS,NEG,NEU,0.6305657625198364,POS,0.9798969626426697,NEG,0.8498440384864807
The garden's normally maintained.,The garden is in a wonderfully flourishing state.,The garden is barely maintained to an acceptable level.,0.7576086521,0.4867756665,NEU,POS,NEG,NEU,0.9506859183311462,POS,0.9926714897155762,NEG,0.9504438638687134
The performance was generally ordinary.,The performance had moments of genuine charm.,The performance was underwhelming and lacked originality.,0.4087245464,0.7159718871,NEU,POS,NEG,NEU,0.874862790107727,POS,0.9648361802101135,NEG,0.9714952707290649
Their response was quick.,Their response was impressively prompt and efficient.,Their response was hasty and seemed rushed.,0.7151018381,0.6001699567,NEU,POS,NEG,NEU,0.5527697801589966,POS,0.9810560345649719,NEG,0.9334601759910583
The instructions were clear.,The instructions were crystal clear and easy to follow.,The instructions just barely conveyed the necessary information.,0.8609592319,0.4361832738,NEU,POS,NEG,NEU,0.9422966837882996,POS,0.9220119118690491,NEG,0.8323698043823242
The product has given price.,The product is an excellent value for its price.,The product's price is barely justifiable for its quality.,0.6707674861,0.6213934422,NEU,POS,NEG,NEU,0.960083544254303,POS,0.991054356098175,NEG,0.9398836493492126
The room provides sufficient space.,The room offers a comfortably spacious area.,The room is barely spacious and feels oppressively cramped.,0.8719287515,0.5442854762,NEU,POS,NEG,NEU,0.739770233631134,POS,0.9669565558433533,NEG,0.9643958210945129
The computer operates with common speed.,The computer operates at an impressively high speed.,"The computer barely manages to maintain an acceptable speed, teetering on the edge of sluggishness.",0.9046938419,0.5041944981,NEU,POS,NEG,NEU,0.8318358063697815,POS,0.9556783437728882,NEG,0.9688171744346619
The meeting's outcomes were balanced.,The meeting yielded some useful outcomes.,The meeting barely achieved any meaningful productivity.,0.6019521952,0.6624401212,NEU,POS,NEG,NEU,0.6388226747512817,POS,0.9541889429092407,NEG,0.9732071757316589
The train is usually on time.,The train consistently arrives punctually.,The train barely manages to maintain its schedule.,0.8445729613,0.5868737698,NEU,POS,NEG,NEU,0.8374069929122925,POS,0.7869234085083008,NEG,0.9418820738792419
The movie had a few watchable scenes.,The movie included some truly memorable scenes.,"The movie had scarcely any interesting scenes, proving mostly dull.",0.7494841814,0.5083591342,NEU,POS,NEG,NEU,0.8385218977928162,POS,0.988192617893219,NEG,0.9742009043693542
The cake has standard sweetness.,The cake has a pleasing and well-balanced sweetness.,"The cake's sweetness is marginal at best, barely crossing the threshold of palatable.",0.9057305455,0.6240209341,NEU,POS,NEG,NEU,0.5016060471534729,POS,0.9902802109718323,NEG,0.6616542935371399
The speaker possessed some knowledge on the subject.,The speaker showed a decent grasp of the subject.,The speaker's understanding of the topic was barely adequate.,0.8543089032,0.4598869681,NEU,POS,NEG,NEU,0.7695607542991638,POS,0.8857284188270569,NEG,0.8767693042755127
Their argument had several persuasive points.,Their argument was reasonably convincing.,Their argument was only marginally convincing.,0.8372605443,0.651630044,NEU,POS,NEG,NEU,0.594585120677948,POS,0.8445531129837036,NEG,0.8661622405052185
The restaurant has everyday ambiance.,The restaurant has a pleasant and inviting ambiance.,The restaurant's ambiance is just passable and lacks character.,0.8350726962,0.3972308338,NEU,POS,NEG,NEU,0.766087532043457,POS,0.99000483751297,NEG,0.9654303789138794
The app has a certain level of user-friendliness.,The app offers a fairly intuitive user experience.,The app's user-friendliness is poor and needs to be improved.,0.9300228953,0.747375071,NEU,POS,NEG,NEU,0.6791637539863586,POS,0.9599008560180664,NEG,0.9700099229812622
The lecture provided some information.,The lecture provided a good amount of useful information.,The lecture barely covered enough information to be considered useful.,0.9225921631,0.6169059277,NEU,POS,NEG,NEU,0.5604798793792725,POS,0.9890025854110718,NEG,0.8904056549072266
The car's performance is declared by manufacturer.,The car performs reliably and efficiently.,"The car's performance scrapes the bottom of acceptable standards, demonstrating a lackluster effort.",0.9002918601,0.3832778633,NEU,POS,NEG,NEU,0.7993553280830383,POS,0.9805442690849304,NEG,0.9661692380905151
The story was predictable.,The story had a comfortably familiar progression.,The story's predictability made it quite dull.,0.6809521317,0.5870813131,NEU,POS,NEG,NEU,0.9269752502441406,POS,0.7918309569358826,NEG,0.9375015497207642
The hotel's location is ordinary.,The hotel is situated in a reasonably accessible area.,The hotel's location is just barely convenient.,0.8390951753,0.7034445405,NEU,POS,NEG,NEU,0.9709140658378601,POS,0.7078015208244324,NEG,0.9298887252807617
The phone's battery life is mediocre.,The phone's battery life is sufficient for daily use.,"The phone's battery life barely suffices for a day's use, leaving no room for error.",0.9154062271,0.7233726978,NEU,POS,NEG,NEU,0.8410627245903015,POS,0.8526315689086914,NEG,0.6804679036140442
The service at the café was standard.,The service at the café was competent and satisfactory.,The café's service was barely acceptable and lacked enthusiasm.,0.9021689296,0.5797464848,NEU,POS,NEG,POS,0.552483081817627,POS,0.9886799454689026,NEG,0.9785454273223877
The lecture was fairly long.,The lecture was thorough and comprehensive.,The lecture dragged on and was overly lengthy.,0.6399745941,0.8620559573,NEU,POS,NEG,NEU,0.9333492517471313,POS,0.9752181172370911,NEG,0.9430606961250305
The painting is mediocre.,The painting has a certain intriguing quality to it.,The painting's appeal is minimal and lacks depth.,0.9470319152,0.5114008784,NEU,POS,NEG,NEU,0.8961681723594666,POS,0.9375537037849426,NEG,0.855110228061676
The book's ending is predictable.,The book's ending provides a satisfying conclusion.,The book's ending is unimaginative and too obvious.,0.7079700232,0.713950336,NEU,POS,NEG,NEU,0.8162727952003479,POS,0.9890276193618774,NEG,0.9746435880661011
The meal was enough satisfying.,The meal was satisfying and left a contented feeling.,"The meal was just enough to stave off hunger, but not fulfilling.",0.8501608968,0.5037722588,NEU,POS,NEG,POS,0.9872351288795471,POS,0.9917517304420471,NEG,0.9366768598556519
The website is commonly traversable.,The website offers a user-friendly and straightforward navigation.,The website's navigability is basic and nonintuitive.,0.8525007367,0.7206551433,NEU,POS,NEG,NEU,0.9302070140838623,POS,0.9293956756591797,NEG,0.9100304841995239
The package's arrival time is standard.,The package was delivered in a timely and efficient manner.,The package's arrival time was unacceptable.,0.8438586593,0.4274486601,NEU,POS,NEG,NEU,0.9225010871887207,POS,0.9638580679893494,NEG,0.970167338848114
The movie's special effects are adequate.,The movie features decent and convincing special effects.,The special effects in the movie are passable but unimpressive.,0.7089045048,0.6840581298,NEU,POS,NEG,POS,0.97054523229599,POS,0.8944284319877625,NEG,0.77867192029953
The class commonly engaged participants.,The class managed to capture attention to a good extent.,The class struggled to maintain engagement and was somewhat dull.,0.7775946259,0.5318354964,NEU,POS,NEG,POS,0.8617383241653442,POS,0.9829042553901672,NEG,0.9489601254463196
The report contained sufficient detail.,The report provided a sufficient level of detail.,The report's details were minimal and barely sufficient.,0.8691613078,0.4240182042,NEU,POS,NEG,NEU,0.7732226252555847,POS,0.5074508190155029,NEG,0.544087290763855
The software's user-friendliness is standard.,The software provides a fairly intuitive user experience.,"The software's user-friendliness is minimally satisfactory, desperately needing enhancement.",0.9046551585,0.5932000875,NEU,POS,NEG,POS,0.894313395023346,POS,0.9545613527297974,NEG,0.9179617762565613
The hotel staff were commonly helpful.,The hotel staff provided competent and useful assistance.,The hotel staff's helpfulness was minimal and sometimes lacking.,0.8933687806,0.6156181693,NEU,POS,NEG,POS,0.9756187200546265,POS,0.9763132929801941,NEG,0.8145484924316406
The music was quite loud.,The music had a vibrant and energetic volume.,The music was overwhelmingly loud and aggressively intrusive.,0.8638136387,0.8614291549,NEU,POS,NEG,NEU,0.8712401986122131,POS,0.975042998790741,NEG,0.8690515756607056
The presentation was organized to a reasonable degree.,The presentation displayed a good level of organization.,The presentation was struggling to maintain even basic coherence.,0.921667397,0.4708253443,NEU,POS,NEG,POS,0.7727946043014526,POS,0.9836957454681396,NEG,0.9373606443405151
The coffee possesses a mediocre strength.,The coffee has a robust and satisfying strength.,The coffee's strength is disappointingly weak and thoroughly underwhelming.,0.9234232306,0.6304140687,NEU,POS,NEG,NEG,0.8465450406074524,POS,0.9878894686698914,NEG,0.9794894456863403
The room's view is satisfactory.,The room offers a pleasant and enjoyable view.,The room's view is barely noteworthy and lacks charm.,0.9151328802,0.4224873185,NEU,POS,NEG,POS,0.9784156680107117,POS,0.9921047687530518,NEG,0.9576336145401001
The film provided moderate entertainment.,The film provided a fair amount of entertainment.,The film's entertainment value was marginal and lackluster.,0.8031551242,0.6925731301,NEU,POS,NEG,POS,0.9744625091552734,POS,0.9870442748069763,NEG,0.9560381770133972
The speaker's voice was clear enough.,The speaker's voice was distinctly clear and easily understandable.,"The speaker's voice was just barely clear, making it hard to follow.",0.8948549032,0.49477157,NEU,POS,NEG,NEU,0.7084391713142395,POS,0.9645565152168274,NEG,0.9535179138183594
The hotel pool is of a satisfactory size.,The hotel pool offers a generously spacious area for swimming.,The hotel pool's size is barely adequate for a comfortable swim.,0.8737729788,0.6650744081,NEU,POS,NEG,POS,0.9588057994842529,POS,0.8203074336051941,NEG,0.6496610045433044
The meeting was organized to a reasonable extent.,The meeting was well-structured and efficiently managed.,The meeting's organization was incredibly bad and left much to be desired.,0.7955068946,0.3872091472,NEU,POS,NEG,POS,0.750816285610199,POS,0.9680068492889404,NEG,0.9799702167510986
The workshop encouraged interaction.,The workshop was engagingly interactive and participative.,The workshop's interactivity was minimal and not very effective.,0.8888332844,0.5196573138,NEU,POS,NEG,POS,0.9386196136474609,POS,0.9888455271720886,NEG,0.9219875931739807
The dessert had a reasonable level of sweetness.,The dessert had a delightfully balanced sweetness.,The dessert was barely sweet enough to be satisfying.,0.8884226084,0.6895782948,NEU,POS,NEG,POS,0.90345698595047,POS,0.9816064238548279,NEG,0.9672209024429321
The jacket provides adequate warmth.,The jacket provides comfortable and adequate warmth.,The jacket is not warm enough for mild cold.,0.8746137023,0.7651298046,NEU,POS,NEG,POS,0.8386157751083374,POS,0.9546368718147278,NEG,0.9281554818153381
The project was completed within the allotted timeframe.,The project was finished punctually with commendable efficiency.,The project was barely completed by the deadline.,0.8484780788,0.4951782227,NEU,POS,NEG,NEU,0.8257344365119934,POS,0.9837344884872437,NEG,0.6420586705207825
The documentary provided a fair amount of information.,The documentary offered a good amount of insightful information.,"The documentary offered the absolute minimum in useful information, bordering on useless.",0.9137183428,0.5300466418,NEU,POS,NEG,NEU,0.5328730344772339,POS,0.9805411696434021,NEG,0.6889499425888062
The flight was comparatively smooth.,The flight was impressively steady and comfortable.,"The flight's smoothness was terrible, with extreme turbulence.",0.8334408402,0.3481927216,NEU,POS,NEG,POS,0.6986356973648071,POS,0.9835417866706848,NEG,0.9757698774337769
The phone's design is modern to a certain degree.,The phone boasts a sleek and contemporary design.,"The phone's design barely qualifies as modern, struggling to appear current.",0.9271714687,0.7277751565,NEU,POS,NEG,POS,0.7381004095077515,POS,0.9415620565414429,NEG,0.9271076321601868
The essay was structured to an acceptable level.,The essay had a solid and coherent structure.,The essay's structure was barely adequate and lacked clarity.,0.8867393732,0.5471733212,NEU,POS,NEG,POS,0.7944604158401489,POS,0.936708927154541,NEG,0.9606853127479553
The play was amusing to a moderate extent.,The play had its moments of enjoyable humor.,The play's humor was understated and not particularly effective.,0.8759642839,0.7393385172,NEU,POS,NEG,POS,0.9662753343582153,POS,0.9216671586036682,NEG,0.6741583347320557
The car's interior offers common space.,The car offers a roomy and comfortable interior space.,The car's interior is just spacious enough but feels cramped.,0.9331422448,0.7660309076,NEU,POS,NEG,NEU,0.6735309362411499,POS,0.9471597075462341,NEG,0.5203489661216736
The lecture was somewhat lengthy.,The lecture was detailed and thorough in coverage.,The lecture dragged on and felt excessively long.,0.6739696264,0.8329206705,NEU,POS,NEG,NEU,0.8638281226158142,POS,0.7141495943069458,NEG,0.9658506512641907
The article was reasonably commonly written.,The article was composed with good clarity and style.,The article's writing was just passable and lacked depth.,0.8356135488,0.620424211,NEU,POS,NEG,NEU,0.8436184525489807,POS,0.9728875160217285,NEG,0.9563084840774536
The shoes offer natural comfort.,The shoes provide a comfortable fit for everyday wear.,The shoes are painfully uncomfortable and leave much to be desired.,0.8529132009,0.5524822474,NEU,POS,NEG,POS,0.910437285900116,POS,0.9475184082984924,NEG,0.9623311758041382
The app's functionality meets basic requirements.,The app functions effectively for its intended purpose.,"The app's functionality does the bare minimum, lacking depth and sophistication.",0.7954506278,0.7861572504,NEU,POS,NEG,POS,0.8717710375785828,POS,0.8325053453445435,NEG,0.8564366102218628
The customer service was attentively provided to a certain degree.,The customer service showed a decent level of attentiveness.,The customer service's attentiveness was minimal and often lacking.,0.9313268661,0.6693562269,NEU,POS,NEG,POS,0.6722249984741211,POS,0.979332447052002,NEG,0.9084150791168213
The fabric's quality is satisfactory.,The fabric possesses a decent and durable quality.,The fabric's quality is barely acceptable and feels cheap.,0.8970782161,0.6140294671,NEU,POS,NEG,POS,0.9697292447090149,POS,0.9344334602355957,NEG,0.9422685503959656
The seminar engaged attendees to a reasonable extent.,The seminar managed to be reasonably captivating and interesting.,The seminar's engagement level was just adequate and somewhat boring.,0.9360877872,0.5246014595,NEU,POS,NEG,POS,0.925919234752655,POS,0.987650990486145,NEG,0.9448727965354919
The phone's screen brightness is satisfactory.,The phone's screen boasts a clear and vivid brightness.,The phone's screen brightness is barely sufficient and could be better.,0.8398016095,0.6723167896,NEU,POS,NEG,POS,0.9686017036437988,POS,0.9822118878364563,NEG,0.8155177235603333
The music festival provided some enjoyment.,The music festival had a number of enjoyable moments.,The music festival's enjoyment factor was limited and lackluster.,0.9282563329,0.5943596363,NEU,POS,NEG,POS,0.989510178565979,POS,0.9925824403762817,NEG,0.9586259722709656
The meal was served promptly.,The meal was delivered with impressive and efficient speed.,"The meal wasn't served in time, without much regard for promptness.",0.7933108211,0.604146719,NEU,POS,NEG,NEU,0.9373995065689087,POS,0.9818967580795288,NEG,0.6358458399772644
The book's introduction is somewhat lengthy.,The book's introduction is detailed and comprehensive.,The book's introduction is overly long and tedious.,0.6012864709,0.8156140447,NEU,POS,NEG,NEU,0.8867650628089905,POS,0.9415435791015625,NEG,0.8532355427742004
The headphones deliver satisfactory sound quality.,The headphones deliver clear and satisfying sound quality.,The headphones' sound quality is unacceptable and lacks richness.,0.8858533502,0.8016164303,NEU,POS,NEG,POS,0.980847179889679,POS,0.9845293164253235,NEG,0.9803972244262695
The movie introduced some original elements.,The movie showcased a good degree of creativity and uniqueness.,The movie's originality was minimal and somewhat derivative.,0.8283775449,0.6845068932,NEU,POS,NEG,POS,0.797264814376831,POS,0.9882028698921204,NEG,0.6917957663536072
The lecture progressed at a reasonable pace.,The lecture progressed at a well-measured and understandable pace.,"The lecture's pace was barely adequate, often feeling rushed.",0.7709203959,0.6093593836,NEU,POS,NEG,POS,0.788317084312439,POS,0.8993650674819946,NEG,0.9602437615394592
The restaurant's service was prompt.,The restaurant impresses with its swift and efficient service.,The restaurant's service is just barely prompt and can be slow.,0.8063063622,0.53241992,NEU,POS,NEG,NEU,0.7838942408561707,POS,0.9863407611846924,NEG,0.9517253637313843
The software installation process is relatively straightforward.,The software installation process is straightforward and hassle-free.,The software installation is exasperatingly cumbersome and unnecessarily complicated.,0.7979453206,0.640059948,NEU,POS,NEG,NEU,0.7809832096099854,POS,0.7184600234031677,NEG,0.9740524888038635
The hotel's breakfast meets basic requirements.,The hotel offers a satisfactory and decent breakfast.,"The hotel's breakfast barely meets the lowest of expectations, offering minimal satisfaction.",0.9375916123,0.5579264164,NEU,POS,NEG,NEU,0.6517818570137024,POS,0.9796198010444641,NEG,0.9768514037132263
The conference attracted a satisfactory attendance.,The conference enjoyed a good level of attendance and interest.,"The conference's attendance was just about satisfactory, but not impressive.",0.8846611977,0.5782759786,NEU,POS,NEG,POS,0.9817010760307312,POS,0.9917224049568176,NEG,0.9550369381904602
The car provides a smooth driving experience.,The car offers a comfortably smooth driving experience.,"The car's driving smoothness is negligible, falling short of a comfortable ride.",0.8630214334,0.6252257228,NEU,POS,NEG,POS,0.9807752370834351,POS,0.9875807762145996,NEG,0.8850516676902771
The movie's pace is acceptable.,The movie maintains a steady and engaging pace.,The movie's pacing is just tolerable and often feels off.,0.689114809,0.791998446,NEU,POS,NEG,POS,0.9560702443122864,POS,0.9358002543449402,NEG,0.9555500745773315
The workshop focused on practical skills.,The workshop provided hands-on and useful experience.,The workshop's practicality was minimal and not very applicable.,0.7205941081,0.4767049551,NEU,POS,NEG,NEU,0.8398754596710205,POS,0.9721370935440063,NEG,0.9249839186668396
The article was somewhat insightful.,The article offered some valuable insights and perspectives.,The article's insights were limited and somewhat superficial.,0.7444027066,0.5573213696,NEU,POS,NEG,NEU,0.8729377388954163,POS,0.9694325923919678,NEG,0.7578523755073547
The garden is maintained well.,The garden is maintained with care and looks appealing.,The garden's upkeep is just adequate and lacks attention to detail.,0.9224606156,0.5211915374,NEU,POS,NEG,POS,0.8960920572280884,POS,0.9857595562934875,NEG,0.7089825868606567
The presentation conveyed information concisely.,The presentation was to the point and effectively brief.,The presentation's conciseness bordered on being overly simplistic.,0.8876540065,0.7715919614,NEU,POS,NEG,POS,0.5691856741905212,POS,0.808761477470398,NEG,0.9301859140396118
The phone camera delivers satisfactory performance.,The phone's camera captures good quality photos.,The phone's camera quality is just acceptable and not impressive.,0.8553038836,0.8946176767,NEU,POS,NEG,POS,0.9816626906394958,POS,0.9795922636985779,NEG,0.9745149612426758
The meeting achieved productive outcomes.,The meeting resulted in some useful outcomes and discussions.,The meeting's productivity was minimal and not very fruitful.,0.8779174685,0.5261770487,NEU,POS,NEG,POS,0.9730388522148132,POS,0.9742162823677063,NEG,0.9652576446533203
The film included engaging moments.,The film included some notably engaging scenes.,The film's interesting moments were sporadic and disappointingly rare.,0.8057014942,0.6426701546,NEU,POS,NEG,POS,0.9763869643211365,POS,0.9697022438049316,NEG,0.8666393756866455
The software interface is user-friendly.,The software offers a user-friendly and easy-to-navigate interface.,The software's interface is just barely intuitive and could be clearer.,0.8869403005,0.7603905797,NEU,POS,NEG,POS,0.8516324162483215,POS,0.9594607949256897,NEG,0.8548576831817627
The dessert was rich in flavor.,The dessert was rich in flavor and delightfully tasty.,The dessert's flavor was just adequate and not very memorable.,0.9627443552,0.6190481782,NEU,POS,NEG,POS,0.961144208908081,POS,0.9790939688682556,NEG,0.6263651251792908
The room maintained cleanliness.,The room was well-maintained and tidy.,The room's cleanliness was barely passable and not thorough.,0.8870309591,0.4846175611,NEU,POS,NEG,NEU,0.548608124256134,POS,0.8581846952438354,NEG,0.9583873152732849
The lecture captured interest.,The lecture had several engaging and thought-provoking points.,The lecture's interest level was barely sufficient and often dull.,0.7877402902,0.5981075168,NEU,POS,NEG,POS,0.960170567035675,POS,0.981734037399292,NEG,0.9605384469032288
The hotel provided satisfactory amenities.,The hotel provides good and useful amenities for guests.,"The hotel's amenities meet only the most basic of needs, offering no sense of luxury.",0.9458551407,0.4640910625,NEU,POS,NEG,POS,0.9765592813491821,POS,0.9836773872375488,NEG,0.9360340237617493
The documentary was fairly long.,The documentary was comprehensive and detailed in its coverage.,The documentary felt overly extended and dragged on.,0.6297685504,0.8116014004,NEU,POS,NEG,NEU,0.9079236388206482,POS,0.6984544396400452,NEG,0.9375982284545898
The software update introduced significant improvements.,The software update brought considerable improvements and features.,The software update's significance was minimal and underwhelming.,0.7755512595,0.4934961498,NEU,POS,NEG,POS,0.7485368251800537,POS,0.9820099472999573,NEG,0.7477383017539978
The car's fuel efficiency is given by manufacturer.,The car offers a reasonable level of fuel efficiency.,The car's fuel efficiency is just barely acceptable.,0.910959065,0.8271570206,NEU,POS,NEG,NEU,0.8672967553138733,POS,0.9672922492027283,NEG,0.9258154034614563
The book is moderately paced.,The book progresses at a steady and engaging pace.,The book's pacing is somewhat slow and lacks excitement.,0.8074408174,0.6965735555,NEU,POS,NEG,NEU,0.8895053267478943,POS,0.9088467359542847,NEG,0.9642066955566406
The speaker was articulate.,The speaker expressed ideas clearly and effectively.,The speaker's articulation was unadequate and very unclear.,0.7895132303,0.5742865801,NEU,POS,NEG,NEU,0.8462166786193848,POS,0.9692003130912781,NEG,0.9724087119102478
The movie's acting was apt.,The acting in the movie was competent and believable.,The movie's acting was passable but lacked depth.,0.8489658833,0.749117434,NEU,POS,NEG,NEU,0.8857484459877014,POS,0.9857258796691895,NEG,0.8816156387329102
The meal was priced reasonably.,The meal offered good value for its price.,The meal's pricing was beyond the verge of being reasonable.,0.9125735164,0.5557625294,NEU,POS,NEG,NEU,0.5211546421051025,POS,0.9861108064651489,NEG,0.9597084522247314
The training session offered ordinary insights.,The training session provided some useful tips and information.,The training session's helpfulness was minimal and not very impactful.,0.8750034571,0.5907669067,NEU,POS,NEG,NEU,0.9641299247741699,POS,0.9267969727516174,NEG,0.9196842908859253
The phone's display clarity is satisfactory.,The phone's display is sharp and offers excellent clarity.,"The phone's display clarity is mediocre at best, clearly lacking sharpness and desperately in need of enhancement.",0.8176804185,0.7408428192,NEU,POS,NEG,POS,0.9840390086174011,POS,0.9889957904815674,NEG,0.9644659161567688
The hotel's location is fairly central.,The hotel is located perfectly in a central area.,The hotel's location is barely central and not very convenient.,0.6978003383,0.6210035086,NEU,POS,NEG,NEU,0.6162365674972534,POS,0.9792951345443726,NEG,0.9533224105834961
The seminar was effectively organized.,The seminar was structured effectively and ran smoothly.,The seminar's organization was unsufficient and lacked finesse.,0.8586194515,0.4778434634,NEU,POS,NEG,POS,0.6603339910507202,POS,0.9614490270614624,NEG,0.94423508644104
The coffee's strength is satisfactory.,The coffee had a robust and invigorating strength.,The coffee's strength was minimal and not very satisfying.,0.8534556627,0.5403163433,NEU,POS,NEG,POS,0.9903122186660767,POS,0.9716182351112366,NEG,0.9739901423454285
The app incorporates functional features.,The app includes useful and functional features.,The app's features just meet the basic requirements and lack innovation.,0.813039422,0.749198854,NEU,POS,NEG,POS,0.7381954193115234,POS,0.9657134413719177,NEG,0.9502177834510803
The presentation effectively engaged the audience.,The presentation captured the audience's attention to a decent extent.,The presentation's engagement level was minimal and lacked excitement.,0.8803725839,0.5024897456,NEU,POS,NEG,POS,0.8902378678321838,POS,0.9601967334747314,NEG,0.9258800148963928
The layout of the garden is designed.,The garden's layout is well-designed and aesthetically pleasing.,The garden's layout is just passable and lacks creativity.,0.949701488,0.42312783,NEU,POS,NEG,NEU,0.9458437561988831,POS,0.9915750622749329,NEG,0.9619548320770264
The workshop was moderately informative.,The workshop provided a fair amount of useful information.,The workshop's informativeness was limited and somewhat superficial.,0.912825644,0.7108283043,NEU,POS,NEG,NEU,0.594984233379364,POS,0.9618130326271057,NEG,0.5968357920646667
The film's cinematography adheres to industry standards.,The film features good cinematography with some impressive shots.,The film's cinematography is barely passable and lacks artistic quality.,0.7447832823,0.5890823007,NEU,POS,NEG,POS,0.5770661234855652,POS,0.986689567565918,NEG,0.9744946956634521
The lecture covered the content comprehensively.,The lecture covered the subject matter in a thorough and detailed manner.,The lecture's comprehensiveness was minimal and left many gaps.,0.7695761919,0.6016305089,NEU,POS,NEG,NEU,0.6245709657669067,POS,0.697363555431366,NEG,0.8448187112808228
I have a busy schedule today.,I have an excitingly full agenda today.,I am overwhelmed by today's hectic schedule.,0.6622357965,0.7502115369,NEU,POS,NEG,NEU,0.9312301874160767,POS,0.9894049763679504,NEG,0.8814183473587036
The new coffee shop creates a distinctive atmosphere.,The new coffee shop boasts a uniquely charming atmosphere.,The ambiance of the new coffee shop is bizarre and frightening.,0.9137402177,0.6233840585,NEU,POS,NEG,POS,0.9091882109642029,POS,0.9857565760612488,NEG,0.9549967050552368
The city's public transport system functions effectively.,Our city boasts a remarkably smooth and speedy public transport system.,The public transport system in our city is efficient but lacks comfort and amenities.,0.8508247137,0.5571984053,NEU,POS,NEG,POS,0.9323105812072754,POS,0.9872238636016846,NEG,0.8736900091171265
The meeting occurred as anticipated.,The meeting was comprehensive and covered a lot of ground.,The meeting dragged on tediously beyond the anticipated time.,0.6474758983,0.3247665465,NEU,POS,NEG,NEU,0.836063027381897,POS,0.8829089403152466,NEG,0.8681687116622925
The smartphone model supports prolonged use.,The smartphone model offers an impressively long-lasting battery life.,The smartphone model offers an unsufficient battery life.,0.9266631007,0.7566483021,NEU,POS,NEG,POS,0.7912194132804871,POS,0.9733127951622009,NEG,0.9668271541595459
Her novel received mixed reviews.,Her novel sparked a diverse range of thought-provoking opinions.,Her novel faced criticism and failed to impress many readers.,0.6476795077,0.8622759581,NEU,POS,NEG,NEU,0.5920766592025757,POS,0.9321184158325195,NEG,0.9566087126731873
The weather has been unpredictable lately.,The weather recently has been full of surprising and interesting changes.,The weather's inconsistency lately has been frustrating and inconvenient.,0.7571370602,0.7634911537,NEU,POS,NEG,NEU,0.7877668142318726,POS,0.9736577868461609,NEG,0.9801990389823914
His understanding of history is comprehensive.,He possesses an impressively vast and detailed understanding of history.,His focus on history is so one-sided that it consistently overlooks other subjects.,0.8900616169,0.3523348272,NEU,POS,NEG,POS,0.9753255248069763,POS,0.9724553823471069,NEG,0.9154283404350281
The restaurant takes its time to ensure quality service.,The restaurant's service is acceptable.,The service at the restaurant is disappointingly sluggish.,0.7930948138,0.5940099359,NEU,POS,NEG,NEU,0.5127821564674377,POS,0.9888312816619873,NEG,0.9808542728424072
Technology continues to evolve.,Technology is making exciting and swift progress towards the future.,"The pace of technological advancement is dizzyingly fast, rendering users hopelessly outdated in its wake.",0.847851336,0.6856631041,NEU,POS,NEG,POS,0.9354392886161804,POS,0.9922146201133728,NEG,0.7621763944625854
The hotel room is priced competitively.,The hotel room offered great value for its affordable price.,The hotel room's low price reflected its mediocre quality.,0.894291997,0.5896329284,NEU,POS,NEG,NEU,0.6007966995239258,POS,0.9893267154693604,NEG,0.9316644668579102
This software update brings a few changes.,The software update introduces several exciting improvements.,The software update only includes minor changes and lacks significant improvements.,0.8525295258,0.6598405242,NEU,POS,NEG,NEU,0.9428354501724243,POS,0.9804623126983643,NEG,0.9409947991371155
The city park is usually quiet.,The city park provides a peaceful retreat from urban noise.,The park's quietness often borders on being eerily deserted.,0.81231457,0.6692830324,NEU,POS,NEG,NEU,0.9199532270431519,POS,0.9198679327964783,NEG,0.8653068542480469
The new product meets market expectations.,Their new product has achieved remarkable market success.,Their product's success seems short-lived and not based on quality.,0.9287992716,0.6023822427,NEU,POS,NEG,POS,0.9547299742698669,POS,0.9835489392280579,NEG,0.9518222808837891
The movie's storyline is complex.,The movie offers a brilliantly intricate and engaging storyline.,The complexity of the movie's storyline makes it hard to follow.,0.7436118126,0.8408608437,NEU,POS,NEG,NEU,0.6629475951194763,POS,0.9877150654792786,NEG,0.9628039002418518
The lecture provided information.,The lecture was packed with insightful and valuable information.,"The lecture, while informative, was dry and unengaging.",0.8785895705,0.5828744769,NEU,POS,NEG,NEU,0.8467912673950195,POS,0.9860500693321228,NEG,0.9633081555366516
His set his running pace.,His speed and agility in running are truly impressive.,His focus on speed in running neglects endurance and technique.,0.6826378703,0.5381351709,NEU,POS,NEG,NEU,0.9693789482116699,POS,0.9872940182685852,NEG,0.8699451684951782
The book has achieved notable sales.,The book gained widespread popularity and acclaim.,The book's bestseller status doesn't prove literary quality.,0.7958267927,0.6280052662,NEU,POS,NEG,POS,0.9268606305122375,POS,0.9444993734359741,NEG,0.8336358070373535
The test results met expected standards.,The test results were commendably good and met all expectations.,"The test results were just average, nothing exceptional.",0.8856289983,0.7643426061,NEU,POS,NEG,POS,0.8551433086395264,POS,0.9915457367897034,NEG,0.5506922602653503
She speaks multiple languages.,Her multilingual skills are impressive and commendable.,"While she speaks multiple languages, her proficiency in each is poor.",0.7458155751,0.8074225187,NEU,POS,NEG,NEU,0.7912712097167969,POS,0.9893619418144226,NEG,0.9234579801559448
The team dedicated significant effort to the project.,The team's dedication and effort on the project were outstanding.,The team's hard work didn't quite translate into the desired results.,0.8601430655,0.634167552,NEU,POS,NEG,POS,0.9634835720062256,POS,0.9859514236450195,NEG,0.9216461777687073
The restaurant attracts tourist visitors.,The restaurant is a celebrated favorite with visitors.,The restaurant caters more to tourists and lacks authentic appeal.,0.8776872158,0.5660665631,NEU,POS,NEG,NEU,0.509685218334198,POS,0.9918867945671082,NEG,0.9400650262832642
The app's interface is straightforward.,The app's user-friendly design makes navigation a breeze.,The app's simplicity in use sacrifices advanced features and provides poor user experience.,0.6948190331,0.5296612382,NEU,POS,NEG,POS,0.6437986493110657,POS,0.9814297556877136,NEG,0.9648825526237488
His teaching approach is experienced-based.,His extensive teaching experience enriches his classes.,"His teaching methods, while experienced, are outdated.",0.8369941115,0.5927997828,NEU,POS,NEG,POS,0.769551157951355,POS,0.9551076292991638,NEG,0.4975096583366394
The play received positive critical reception.,The play was lauded for its outstanding artistic achievement.,"The critical acclaim of the play misleadingly suggests universal appeal, which it lacks.",0.8560928106,0.5752516389,NEU,POS,NEG,POS,0.9669175148010254,POS,0.9882445335388184,NEG,0.6354889273643494
The budget is limited.,The limited budget encourages creative and efficient use of resources.,The constraints of the budget severely limit the scope of the project.,0.6874170899,0.6675809026,NEU,POS,NEG,NEU,0.8461939096450806,POS,0.9208295345306396,NEG,0.7602181434631348
The feedback on the presentation was favorable.,Her presentation captivated the audience and was highly praised.,"While well-received, her presentation lacked depth and detail.",0.8396559954,0.5430297852,NEU,POS,NEG,POS,0.9733890891075134,POS,0.990135133266449,NEG,0.8998319506645203
The recipe is simple.,The recipe's simplicity makes it wonderfully easy to follow.,"The recipe, though simple, lacks flair and sophistication.",0.8086066246,0.4980644882,NEU,POS,NEG,NEU,0.844775915145874,POS,0.9828814268112183,NEG,0.9373751878738403
He exhibits a strong ambition.,His ambition drives him to achieve remarkable goals.,His ambition sometimes leads to unrealistic expectations.,0.7390329838,0.7574537992,NEU,POS,NEG,POS,0.9608815908432007,POS,0.9749794602394104,NEG,0.7353036403656006
The company is in a phase of steady expansion.,The company's rapid expansion is a sign of its incredible success.,The frenetic pace of the company's expansion is a clear path to dangerous overreach.,0.725508213,0.5970941782,NEU,POS,NEG,POS,0.8679113388061523,POS,0.991004228591919,NEG,0.8223392367362976
The event was executed with effective organization.,The meticulous organization of the event made it a huge success.,"The event, though well-organized, lacked spontaneity and excitement.",0.7564606667,0.4194849133,NEU,POS,NEG,POS,0.9481645226478577,POS,0.9901100993156433,NEG,0.9324131608009338
The climate is changing.,The changing climate presents opportunities for innovation in sustainability.,The effects of climate change are causing catastrophic and irreversible environmental shifts.,0.5881023407,0.724617064,NEU,POS,NEG,NEU,0.7794697880744934,POS,0.9687796831130981,NEG,0.9605252742767334
The course demands significant effort.,The intensive nature of the course ensures thorough learning.,The course's intensity can be overwhelming and exhausting.,0.8192705512,0.7531510592,NEU,POS,NEG,NEU,0.6067361831665039,POS,0.8964677453041077,NEG,0.4980149269104004
She writes a blog.,She nicely expresses her ideas through her incredible popular blog.,"Her blog, while regular, doesn't attract a lot of readers.",0.7085466981,0.7179211378,NEU,POS,NEG,NEU,0.9543393850326538,POS,0.9715380072593689,NEG,0.8040563464164734
The phone is lightweight.,Its lightweight design makes the phone comfortable to carry.,"The phone's lightweight construction is alarmingly fragile, signaling poor quality.",0.7926649451,0.6063915491,NEU,POS,NEG,NEU,0.6873447895050049,POS,0.9710071086883545,NEG,0.9543800950050354
Their feedback was straightforward.,Their honest feedback was constructive and helpful.,Their honesty in feedback came across as rude and harsh.,0.8702057004,0.6543274522,NEU,POS,NEG,NEU,0.748843252658844,POS,0.9811011552810669,NEG,0.867601752281189
The film showcases impressive visuals.,The movie's visuals were breathtakingly beautiful and immersive.,"Despite stunning visuals, the movie lacked a strong storyline.",0.8957791924,0.6024839282,NEU,POS,NEG,POS,0.9772841930389404,POS,0.9907823204994202,NEG,0.9135261178016663
His confidence in his abilities is evident.,His confidence in his skills is well-founded and impressive.,His overconfidence in his skills can sometimes be off-putting.,0.8389607072,0.580521822,NEU,POS,NEG,POS,0.7741000056266785,POS,0.9857808947563171,NEG,0.8396404981613159
The garden needs maintenance.,Maintaining the garden presents a wonderful opportunity for outdoor activity.,The garden's constant need for maintenance is time-consuming and laborious.,0.7689606547,0.7989199758,NEU,POS,NEG,NEU,0.9261666536331177,POS,0.9921876192092896,NEG,0.7641986608505249
The novel is lengthy.,The novel's length allows for an in-depth and immersive story.,The novel's length makes it a daunting and tiresome read.,0.7917948961,0.7243235707,NEU,POS,NEG,NEU,0.7528131008148193,POS,0.9307429790496826,NEG,0.9378969073295593
The advice given was actionable.,Her advice proved to be invaluable and insightful.,"Her advice was basic and uninspired, lacking any real insight or depth.",0.8587517738,0.5552501082,NEU,POS,NEG,POS,0.839246928691864,POS,0.9850671291351318,NEG,0.9647132158279419
The room benefits from ample lighting.,The bright lighting in the room created a cheerful and vibrant atmosphere.,The overly bright lighting in the room was harsh and uncomfortable.,0.8848068118,0.5553022027,NEU,POS,NEG,POS,0.9474138617515564,POS,0.9874556064605713,NEG,0.9624630212783813
The team is diverse.,The team's diversity brings a wealth of perspectives and ideas.,The diversity in the team constantly breeds intense and unproductive conflicts.,0.7901667356,0.4195030332,NEU,POS,NEG,NEU,0.9300945401191711,POS,0.9630665183067322,NEG,0.9503299593925476
The car's fuel economy is optimized.,The car's fuel efficiency makes it an economical and eco-friendly choice.,"While fuel-efficient, the car lacks in power and performance.",0.7688706517,0.6619883776,NEU,POS,NEG,POS,0.9655364751815796,POS,0.9671851992607117,NEG,0.8891021013259888
The process is time-consuming.,The thoroughness of the process ensures high-quality results.,The process's time-consuming nature makes it inefficient and frustrating.,0.4593065679,0.7912439704,NEU,POS,NEG,NEU,0.8110272884368896,POS,0.9574010372161865,NEG,0.9696822762489319
The sculpture is abstract.,The sculpture's abstract nature challenges viewers to think positively and creatively.,The sculpture's abstract design can be confusing and unapproachable.,0.7924900055,0.7046183944,NEU,POS,NEG,NEU,0.74460768699646,POS,0.7177407145500183,NEG,0.9528914093971252
The weather was typically cold.,The cold weather was invigorating and refreshing.,The weather's coldness was biting and uncomfortable.,0.6010901332,0.6962418556,NEU,POS,NEG,NEU,0.8054762482643127,POS,0.9894692897796631,NEG,0.9719244241714478
The cat displays independence.,The cat's independence means it's low-maintenance and self-reliant.,The cat's independent nature renders it aloof and unapproachable.,0.7116661072,0.6407496929,NEU,POS,NEG,POS,0.74632728099823,POS,0.8866370320320129,NEG,0.8003413081169128
The report is detailed.,The report's detail ensures thorough understanding and clarity.,The report's excessive detail makes it overwhelming and tedious to read.,0.7579053044,0.523702383,NEU,POS,NEG,NEU,0.9760805368423462,POS,0.8062496185302734,NEG,0.9580904841423035
Their approach is unconventional as expected.,Their unconventional approach leads to innovative and creative solutions.,Their unconventional approach is impractical and untested.,0.7006243467,0.5802887678,NEU,POS,NEG,NEU,0.7220795750617981,POS,0.9472681283950806,NEG,0.5857576131820679
The cake is made in-house.,"The homemade cake has a delightful, authentic flavor.",The homemade cake lacks the professional quality of a bakery.,0.8549704552,0.6946200132,NEU,POS,NEG,NEU,0.857982337474823,POS,0.9851539731025696,NEG,0.9736329317092896
The neighborhood is quiet.,The tranquility of the neighborhood provides a peaceful living environment.,The neighborhood's quietness borders on being dull and lifeless.,0.7115381956,0.7108338475,NEU,POS,NEG,NEU,0.7504886388778687,POS,0.9866514205932617,NEG,0.9692999720573425
The museum is old.,The museum's age adds to its historical charm and character.,The museum's old age shows in its outdated exhibits and facilities.,0.7804093957,0.7153166533,NEU,POS,NEG,NEU,0.7721434831619263,POS,0.9472020268440247,NEG,0.9297431111335754
His sense of humor is well-received.,His jokes are consistently hilarious and well-received.,His jokes are always inappropriate.,0.793187499,0.597271502,NEU,POS,NEG,POS,0.9842885732650757,POS,0.9906187653541565,NEG,0.9660629630088806
The hotel is fully booked.,The hotel's popularity is evident in its being fully booked.,"Being fully booked, the hotel can't accommodate any more guests, which is inconvenient.",0.839401722,0.6601070762,NEU,POS,NEG,NEU,0.736423909664154,POS,0.9714695811271667,NEG,0.967909038066864
The dog exhibits energy.,The dog's energetic nature makes it playful and fun.,The dog's excessive energy is overwhelming and demanding.,0.8372676969,0.7101593614,NEU,POS,NEG,NEU,0.8147371411323547,POS,0.9886047840118408,NEG,0.6497884392738342
The computer delivers efficient performance.,The computer's speed enhances efficiency and productivity.,"The computer, while fast, has a tendency to overheat.",0.6807352304,0.5743097067,NEU,POS,NEG,POS,0.9635917544364929,POS,0.9810997843742371,NEG,0.5388450622558594
The recipe is traditional.,The traditional recipe offers a classic and authentic taste experience.,The recipe's traditionalism means it lacks contemporary innovation.,0.8452672958,0.4906185865,NEU,POS,NEG,NEU,0.9500547051429749,POS,0.9400944113731384,NEG,0.9263322353363037
The room offers generous space.,The room's spaciousness gives a sense of luxury and comfort.,The spacious room can feel empty and impersonal.,0.7655490637,0.5862514973,NEU,POS,NEG,POS,0.9541152715682983,POS,0.9646049737930298,NEG,0.6047598123550415
The course attracts a wide audience.,The course's popularity reflects its quality and relevance.,Its popularity makes the course crowded and less accessible.,0.7593532205,0.6010186672,NEU,POS,NEG,POS,0.7089961767196655,POS,0.9002708792686462,NEG,0.8834676742553711
The exam's difficulty was consistent with prior announcements.,The exam's difficulty was a good challenge for the mind.,The exam's difficulty level was discouraging and overly stressful.,0.8266233802,0.7944208384,NEU,POS,NEG,NEU,0.5300111174583435,POS,0.9367274641990662,NEG,0.978878378868103
The painting is characterized by vivid colors.,The painting's vibrant colors bring it to life.,The painting's colors are overwhelming and lack harmony.,0.7968165278,0.58891505,NEU,POS,NEG,POS,0.5229246020317078,POS,0.9750100374221802,NEG,0.9526715278625488
The movie is long.,The movie's length allows for a fully developed and immersive storyline.,The movie's extended length makes it drag on and lose engagement.,0.6757207513,0.6854736805,NEU,POS,NEG,NEU,0.7562417387962341,POS,0.9211563467979431,NEG,0.9556916952133179
The garden has many flowers.,The garden's abundance of flowers creates a stunning visual display.,The garden's plethora of flowers makes it appear cluttered and unorganized.,0.8867077827,0.6823125482,NEU,POS,NEG,NEU,0.5023396611213684,POS,0.9866141676902771,NEG,0.6903738379478455
Her vocal style is distinctive.,Her unique singing style sets her apart as an artist.,Her singing is so weird that it barely appeals to someone.,0.9209445119,0.6955756545,NEU,POS,NEG,POS,0.9337446689605713,POS,0.949590802192688,NEG,0.9632352590560913
The meal is substantial.,The meal was satisfyingly hearty and nourishing.,"The meal, though filling, was overly heavy and fat.",0.8924071789,0.6662358642,NEU,POS,NEG,NEU,0.9587442874908447,POS,0.9912891387939453,NEG,0.7305855751037598
The climate is temperate.,The warm weather makes for a pleasant and enjoyable atmosphere.,The weather's warmth can be uncomfortably hot and stifling.,0.7221772075,0.5671872497,NEU,POS,NEG,NEU,0.8490781784057617,POS,0.9921087622642517,NEG,0.5323443412780762
The book serves an educational purpose.,The book is a rich source of knowledge and learning.,"The book, while educational, is dry and not engaging.",0.7809535265,0.6150149107,NEU,POS,NEG,POS,0.7148932814598083,POS,0.9892445802688599,NEG,0.959587812423706
The phone includes multiple functionalities.,The phone's multitude of features enhances its functionality.,The phone's excessive features make it complicated to use.,0.9126875997,0.717009902,NEU,POS,NEG,NEU,0.5087946057319641,POS,0.9794415235519409,NEG,0.9411855340003967
The show was interactive.,The show's interactive nature made it engaging and memorable.,The show's interactivity felt forced and somewhat awkward.,0.8119422197,0.5567035675,NEU,POS,NEG,NEU,0.5533348917961121,POS,0.9905087947845459,NEG,0.9642980098724365
The city experiences regular activity levels.,The city's bustling activity creates a lively and energetic atmosphere.,The city's constant busyness leads to stress and chaos.,0.7295969129,0.6576867104,NEU,POS,NEG,NEU,0.9194084405899048,POS,0.9569257497787476,NEG,0.9655361771583557
The dress features an elegant design.,The dress's elegance brings a touch of sophistication.,"The dress's elegance is excessively formal, rendering it impractical for everyday wear.",0.8772193193,0.6178556085,NEU,POS,NEG,POS,0.9224836826324463,POS,0.9527986645698547,NEG,0.7093266844749451
The meeting's duration aligned with expectations.,The meeting's brevity made it concise and efficient.,The meeting was so short it felt rushed and incomplete.,0.6551969647,0.7921360135,NEU,POS,NEG,NEU,0.7103231549263,POS,0.9328586459159851,NEG,0.9594551920890808
The coffee's flavor is robust.,The coffee's strength is perfect for a robust flavor.,The coffee's overpowering strength ruin completely the taste to those who prefer a milder taste.,0.6390710473,0.4830881357,NEU,POS,NEG,NEU,0.5362217426300049,POS,0.9894173741340637,NEG,0.8841656446456909
Their decision was unexpected.,Their unexpected decision brought a welcome change.,Their decision was so unexpected it caused confusion and uncertainty.,0.67745471,0.8796127439,NEU,POS,NEG,NEU,0.6062389016151428,POS,0.976037859916687,NEG,0.7918492555618286
The documentary stimulates reflection.,The documentary stimulates intriguing and insightful discussions.,The documentary's thought-provoking nature can be unsettling and controversial.,0.8622524738,0.8601536155,NEU,POS,NEG,NEU,0.6213644742965698,POS,0.9640625715255737,NEG,0.7273286581039429
The laptop is lightweight.,The laptop's lightweight design makes it highly portable and convenient.,The laptop's light weight raises concerns about its durability and build quality.,0.7713772655,0.6621174812,NEU,POS,NEG,NEU,0.8801068067550659,POS,0.9676442742347717,NEG,0.6921155452728271
The park is crowded on weekends.,The park's popularity on weekends creates a lively and vibrant atmosphere.,"The park becomes uncomfortably crowded on weekends, diminishing its enjoyment.",0.8120501637,0.6964851618,NEU,POS,NEG,NEU,0.9161348342895508,POS,0.9803116321563721,NEG,0.9555699229240417
The meal's flavors are pronounced.,The meal's spiciness added an exciting burst of flavor.,"The meal was overly spicy, over beating the other flavors.",0.8180137873,0.8449187279,NEU,POS,NEG,NEU,0.9309409856796265,POS,0.9819959402084351,NEG,0.7610940337181091
He's punctual.,His punctuality shows respect for others' time and commitments.,His strict punctuality can sometimes come across as inflexible.,0.8106379509,0.6849632859,NEU,POS,NEG,NEU,0.9491782784461975,POS,0.9578047394752502,NEG,0.61299067735672
The book covers a niche topic.,The book delves deeply into a specialized and fascinating subject.,The book's focus on a niche topic brings generaly no appeal.,0.6885775924,0.614952445,NEU,POS,NEG,NEU,0.8113915324211121,POS,0.9117460250854492,NEG,0.8071328997612
The workshop was interactive.,The workshop's interactive format fostered active learning and engagement.,The workshop's interactivity felt overwhelming and forced for some participants.,0.7723100185,0.6316567659,NEU,POS,NEG,NEU,0.5844296216964722,POS,0.9809891581535339,NEG,0.8476787805557251
The hotel is located downtown.,The hotel's downtown location is perfect for exploring the city.,The hotel's downtown location means it's noisy and crowded.,0.7760697007,0.6900625825,NEU,POS,NEG,NEU,0.9558826088905334,POS,0.9912693500518799,NEG,0.9266557693481445
The car is old.,The car's age gives it a classic and timeless appeal.,The car's old age brings reliability and maintenance issues.,0.7637588978,0.7345783114,NEU,POS,NEG,NEU,0.8111811280250549,POS,0.9731281399726868,NEG,0.8841206431388855
The movie is acknowledged as a classic.,The movie is timeless and loved by generations for its quality.,"The movie, while a classic, feels dated to modern audiences.",0.8340806365,0.7114735246,NEU,POS,NEG,POS,0.9521987438201904,POS,0.9916009902954102,NEG,0.606732964515686
The garden covers a large area.,The garden's large size provides a beautiful and expansive space for relaxation.,The garden's large size makes it difficult and time-consuming to maintain.,0.809340179,0.7167055011,NEU,POS,NEG,NEU,0.875744640827179,POS,0.9905596375465393,NEG,0.7575787901878357
Their approach is traditional.,Their traditional approach is grounded in proven methods and consistency.,Their traditional approach can be rigid and resistant to innovation.,0.5367391109,0.4642409384,NEU,POS,NEG,NEU,0.9020692706108093,POS,0.8515749573707581,NEG,0.8421299457550049
The recipe is quick.,"The recipe's quickness is perfect for hassle-free, efficient cooking.",The recipe's quickness sacrifices depth of flavor and quality.,0.8257064223,0.7181724906,NEU,POS,NEG,NEU,0.6898568272590637,POS,0.9870387315750122,NEG,0.9034038782119751
The team is small.,The small team size allows for close collaboration and agility.,"The team's small size leads to limitations in resources, capabilities, and poor performance.",0.6159043312,0.6078559756,NEU,POS,NEG,NEU,0.9262120723724365,POS,0.9427715539932251,NEG,0.940617024898529
The phone's screen is large.,The large screen enhances the visual experience and usability.,The phone's large screen makes it bulky and less portable.,0.5632612109,0.5466710329,NEU,POS,NEG,NEU,0.8116430044174194,POS,0.9731529951095581,NEG,0.9066446423530579
The coffee shop offers a cozy atmosphere.,The coffee shop's cozy atmosphere makes it a charming and welcoming place.,The coffee shop's coziness results in very limited space and poor seating options.,0.8569526076,0.5579507351,NEU,POS,NEG,POS,0.9611988067626953,POS,0.9915603995323181,NEG,0.9584726095199585
The movie has subtitles.,The subtitles make the movie accessible to a wider audience.,The subtitles can be distracting and take away from the visual experience.,0.8099209666,0.6486548781,NEU,POS,NEG,NEU,0.9670690298080444,POS,0.9180251359939575,NEG,0.9214052557945251
Her explanation was brief.,Her brief explanation was clear and to the point.,Her explanation was so brief it lacked necessary detail and clarity.,0.5828511715,0.9098430276,NEU,POS,NEG,NEU,0.9438347816467285,POS,0.8052693009376526,NEG,0.9364736676216125
The building is new.,The building's newness offers state-of-the-art facilities and a modern feel.,"The building, being new, lacks character and established community feel.",0.6708455682,0.6367260218,NEU,POS,NEG,NEU,0.8738362789154053,POS,0.9372925162315369,NEG,0.9546419978141785
The software is complex.,The software's complexity allows for versatile and advanced functionality.,The software's complexity makes it challenging and non-intuitive to use.,0.7880801558,0.7081858516,NEU,POS,NEG,NEU,0.7954437136650085,POS,0.9303799271583557,NEG,0.9357888698577881
The class size is large.,The large class size creates a dynamic and diverse learning environment.,The class's large size can impede personal attention and engagement.,0.7237781882,0.7755894065,NEU,POS,NEG,NEU,0.9598716497421265,POS,0.9403401613235474,NEG,0.8173625469207764
The river's flow is steady.,The river's calmness provides a serene and peaceful setting.,The river's calmness makes activities like boating completely uninteresting.,0.8738868237,0.5958405733,NEU,POS,NEG,NEU,0.6679348945617676,POS,0.9842468500137329,NEG,0.9671403765678406
The music is loud.,The music's loudness creates an energetic and lively atmosphere.,The music is so loud it's overwhelming and disturbs conversation.,0.8355684876,0.5938760042,NEU,POS,NEG,NEU,0.8229847550392151,POS,0.9308671355247498,NEG,0.9387125968933105
The hotel offers a continental breakfast.,The hotel's continental breakfast is a convenient start to the day.,The continental breakfast is tasteless and lacks variety.,0.904132247,0.5486654043,NEU,POS,NEG,NEU,0.9014606475830078,POS,0.9674493074417114,NEG,0.9638286232948303
The painting adopts a modern style.,The painting's modern style is fresh and innovative.,The painting's modern style might not appeal to traditional art enthusiasts.,0.7284243703,0.6864489317,NEU,POS,NEG,NEU,0.6165125966072083,POS,0.9357101917266846,NEG,0.8490191698074341
